BROOME COMMUNITY COLLEGE,,,,,,,,,,,,,,,,Substation,Morningside Heights,,,
10010659141,,,,,,,,,,,,,,,,Circuit,458 (8104204),34.5 kV (Primary Metered),,
PoD ID: N01000000246777,,,,,,,,,,,,,,,,Line,2978,,,
TOU METER #: NAB0021199940,,,,,,,,,,,,,,,,Pole,P1-2,,,
PSC #120; SC # 7-3 (Mandatory Hourly Pricing),,,,,,,,,,,,,,,,FLOC:,9301-L1143-0411-0050-ED00012,,,
Read,,On-Peak,On-Peak,On-Peak,Off-Peak,Off-Peak,Off-Peak,Reactive,Total Usage,Power,Load,Total Cost,Cost/kWh,Usage/Day,,NYSEG Delivery,,NYSEG Supply,,
Date,Days,Usage (kWh),Demand (kW),Cost ($),Usage (kWh),Demand (kW),Cost ($),(RKVAH),(kWh),Factor,Factor,($),($),(kWh),,Charges ($),Rate ($/kWh),Charges ($),Rate ($/kWh),
06/15/98,32,326200,1624.00,40543.51,323400,1120.00,17445.16,340200,649600,0.886,0.521,57988.67,0.08927,20300,,,,,,
07/15/98,30,365400,1512.00,42525.00,281400,1106.00,15179.56,312900,646800,0.900,0.594,57704.56,0.08922,21560,,,,,,
08/13/98,29,382200,1526.00,43962.94,288400,1176.00,15557.16,323400,670600,0.901,0.631,59520.10,0.08876,23124,,,,,,
09/14/98,32,400400,1848.00,48374.50,357000,1260.00,19257.65,363300,757400,0.902,0.534,67632.15,0.08930,23669,,,,,,
10/13/98,29,394800,1792.00,47268.47,308000,1134.00,16571.01,317100,702800,0.912,0.563,63839.48,0.09084,24234,,,,,,
11/12/98,30,368200,1498.00,42470.58,284200,1050.00,15290.52,283500,652400,0.917,0.605,57761.10,0.08854,21747,,,,,,
12/15/98,33,351400,1442.00,40653.87,334600,1050.00,18002.14,298200,686000,0.917,0.601,58656.01,0.08550,20788,,,,,,
TOTAL,215,2588600,1848.00,305798.87,2177000,1260.00,117303.20,2238600,4765600,0.905,0.500,423102.07,0.08878,22166,,,,,,
01/15/99,31,266000,1120.00,31075.20,292600,910.00,15742.46,275100,558600,0.897,0.670,46817.66,0.08381,18019,,,,,,
02/16/99,32,338800,1260.00,37986.12,313600,910.00,16872.30,279300,652400,0.919,0.674,54858.42,0.08409,20388,,,,,,
03/17/99,29,319200,1246.00,36328.65,271600,896.00,14612.62,249900,590800,0.921,0.681,50941.27,0.08622,20372,,,,,,
04/16/99,30,324800,1358.00,37816.49,268800,938.00,14461.97,268800,593600,0.911,0.607,52278.46,0.08807,19787,,,,,,
05/17/99,31,357000,1596.00,42529.99,313600,1134.00,16872.30,310800,670600,0.907,0.565,59402.29,0.08858,21632,,,,,,
06/16/99,30,347200,1554.00,41402.22,299600,1162.00,16119.07,323400,646800,0.894,0.578,57521.29,0.08893,21560,,,,,,
07/16/99,30,372400,1596.00,43748.13,287000,1218.00,15441.17,331800,659400,0.893,0.574,59189.30,0.08976,21980,,,,,,
08/16/99,31,357000,1456.00,41249.31,308000,1092.00,16571.01,323400,665000,0.899,0.614,57820.32,0.08695,21452,,,,,,
09/15/99,30,414400,1764.00,48582.72,313600,1218.00,16872.30,380100,728000,0.886,0.573,65455.02,0.08991,24267,,,,,,
10/14/99,29,350000,1568.00,41833.06,274400,1106.00,14763.26,401100,624400,0.841,0.572,56596.32,0.09064,21531,,,,,,
11/15/99,32,351400,1414.00,40513.84,308000,1036.00,16571.01,409500,659400,0.850,0.607,57084.85,0.08657,20606,,,,,,
12/16/99,31,338800,1260.00,38107.63,285600,938.00,15365.85,392700,624400,0.847,0.666,53473.48,0.08564,20142,,,,,,
TOTAL,366,4137000,1764.00,481173.36,3536400,1218.00,190265.32,3945900,7673400,0.889,0.495,671438.68,0.08750,20966,,,,,,
01/17/00,32,264600,1064.00,30333.60,284200,868.00,15172.01,394800,548800,0.812,0.672,45505.61,0.08292,17150,,,,,,
02/15/00,29,334600,1316.00,37975.69,292600,1022.00,15620.45,365400,627200,0.864,0.685,53596.14,0.08545,21628,,,,,,
03/15/00,29,329000,1274.00,37185.24,284200,1022.00,15172.01,371700,613200,0.855,0.692,52357.25,0.08538,21145,,,,,,
04/13/00,29,331800,1372.00,38330.43,278600,966.00,14873.06,380100,610400,0.849,0.639,53203.49,0.08716,21048,,,,,,
05/15/00,32,357000,1764.00,43926.50,322000,1218.00,17189.97,464100,679000,0.826,0.501,61116.47,0.09001,21219,,,,,,
06/14/00,30,305200,1386.00,36473.39,278600,1106.00,14873.06,432600,583800,0.803,0.585,51346.45,0.08795,19460,,,,,,
07/14/00,30,352800,1512.00,41322.15,317800,1092.00,16965.75,493500,670600,0.805,0.616,58287.90,0.08692,22353,,,,,,
08/14/00,31,365400,1498.00,42159.98,326200,1204.00,17414.18,497700,691600,0.812,0.621,59574.16,0.08614,22310,,,,,,
09/13/00,30,376600,1750.00,45328.12,327600,1162.00,17488.92,495600,704200,0.818,0.559,62817.04,0.08920,23473,,,,,,
10/12/00,29,373800,1680.00,44424.92,305200,1148.00,16293.10,441000,679000,0.839,0.581,60718.02,0.08942,23414,,,,,,
11/13/00,32,386400,1512.00,43855.69,344400,1148.00,18385.79,462000,730800,0.845,0.629,62241.48,0.08517,22838,,,,,,
12/14/00,31,345800,1344.00,39141.93,302400,966.00,16143.62,384300,648200,0.860,0.648,55285.55,0.08529,20910,,,,,,
TOTAL,364,4123000,1764.00,480457.64,3663800,1218.00,195591.92,5182800,7786800,0.832,0.505,676049.56,0.08682,21392,,,,,,
01/16/01,33,270200,1232.00,32331.88,323400,938.00,17264.70,399000,593600,0.830,0.608,49596.58,0.08355,17988,,,,,,
02/14/01,29,303800,1232.00,34872.97,270200,966.00,14424.62,348600,574000,0.855,0.669,49297.59,0.08588,19793,,,,,,
03/16/01,30,336000,1232.00,37607.13,282800,966.00,15312.58,365400,618800,0.861,0.698,52919.71,0.08552,20627,,,,,,
04/17/01,32,341600,1246.00,38531.32,302400,980.00,16674.94,394800,644000,0.853,0.673,55206.26,0.08572,20125,,,,,,
05/16/01,29,355600,1666.00,43504.03,275800,1134.00,15208.16,407400,631400,0.840,0.545,58712.19,0.09299,21772,,,,,,
06/15/01,30,327600,1526.00,40053.28,285600,1078.00,15748.55,438900,613200,0.813,0.558,55801.83,0.09100,20440,,,,,,
07/17/01,32,368200,1498.00,43052.73,362600,1092.00,19994.48,541800,730800,0.803,0.635,63047.21,0.08627,22838,,,,,,
08/15/01,29,392000,1610.00,45944.73,338800,1204.00,18682.10,533400,730800,0.808,0.652,64626.83,0.08843,25200,,,,,,
09/14/01,30,389200,1820.00,47644.80,357000,1148.00,19685.69,531300,746200,0.815,0.569,67330.49,0.09023,24873,,,,,,
10/11/01,27,343000,1624.00,42136.97,284200,1106.00,15671.35,415800,627200,0.833,0.596,57808.32,0.09217,23230,,,,,,
11/09/01,29,352800,1512.00,41858.39,289800,1036.00,15980.15,399000,642600,0.850,0.611,57838.54,0.09001,22159,,,,,,
12/13/01,34,351400,1260.00,39449.54,336000,966.00,18527.71,428400,687400,0.849,0.669,57977.25,0.08434,20218,,,,,,
TOTAL,364,4131400,1820.00,486987.77,3708600,1204.00,203175.03,5203800,7840000,0.833,0.493,690162.80,0.08803,21538,,,,,,
01/16/02,34,289800,1246.00,34468.73,338800,994.00,18666.71,415800,628600,0.834,0.618,53135.44,0.08453,18488,,,,,,
02/14/02,29,323400,1274.00,37305.98,284200,1022.00,15642.08,365400,607600,0.857,0.685,52948.06,0.08714,20952,,,,,,
03/18/02,32,344400,1288.00,37029.61,327600,980.00,15689.32,401100,672000,0.859,0.679,52718.93,0.07845,21000,,,,,,
04/17/02,30,345800,1722.00,39652.93,289800,1204.00,12221.44,390600,635600,0.852,0.513,51874.37,0.08161,21187,,,,,,
05/16/02,29,366800,1848.00,42234.75,292600,1288.00,12339.52,407400,659400,0.851,0.513,54574.27,0.08276,22738,,,,,,
06/17/02,32,329000,1512.00,36665.53,337400,1148.00,14228.83,464100,666400,0.821,0.574,50894.36,0.07637,20825,,,,,,
07/17/02,30,380800,1680.00,41717.50,350000,1372.00,14760.20,485100,730800,0.833,0.604,56477.70,0.07728,24360,,,,,,
08/15/02,29,408800,1680.00,43656.57,386400,1428.00,16295.26,539000,795200,0.828,0.680,59951.83,0.07539,27421,,,,,,
09/17/02,33,478800,2058.00,51883.89,494200,1666.00,20841.40,630000,973000,0.839,0.597,72725.29,0.07474,29485,,,,,,
10/14/02,27,422800,2030.00,47721.99,379400,1498.00,16000.05,477400,802200,0.859,0.610,63722.04,0.07943,29711,,,,,,
11/13/02,30,415800,1554.00,42896.35,365400,1204.00,15409.64,436800,781200,0.873,0.698,58305.99,0.07464,26040,,,,,,
12/13/02,30,394800,1512.00,41084.81,357000,1232.00,15055.40,427000,751800,0.870,0.691,56140.21,0.07467,25060,,,,,,
TOTAL,365,4501000,2058.00,496318.64,4202800,1666.00,187149.85,5439700,8703800,0.848,0.483,683468.49,0.07853,23846,,,,,,
01/16/03,34,329000,1484.00,35380.56,396200,1176.00,20125.60,456400,725200,0.846,0.599,55506.16,0.07654,21329,,,,,,
02/14/03,29,387800,1484.00,39320.77,348600,1204.00,21642.13,397600,736400,0.880,0.713,60962.90,0.08279,25393,,,,,,
03/18/03,32,403200,1484.00,40652.86,396200,1190.00,24597.28,452200,799400,0.870,0.701,65250.14,0.08162,24981,,,,,,
04/16/03,29,371000,1512.00,38036.34,319200,1162.00,19816.89,400400,690200,0.865,0.656,57853.23,0.08382,23800,,,,,,
05/16/03,30,358400,1568.00,37227.18,312200,1162.00,19382.31,417200,670600,0.849,0.594,56609.49,0.08442,22353,,,,,,
06/17/03,32,302400,1260.00,31261.99,320600,1106.00,19903.80,438200,623000,0.818,0.644,51165.79,0.08213,19469,,,,,,
07/18/03,31,393400,1582.00,40298.36,340200,1232.00,21120.63,499800,733600,0.826,0.623,61418.99,0.08372,23665,,,,,,
08/15/03,28,368200,1624.00,38321.09,327600,1218.00,20338.39,462000,695800,0.833,0.638,58659.48,0.08431,24850,,,,,,
09/16/03,32,502600,2100.00,51713.33,487200,1582.00,30246.83,642600,989800,0.839,0.614,81960.16,0.08280,30931,,,,,,
10/14/03,28,417200,1876.00,43503.83,369600,1428.00,22945.87,497000,786800,0.845,0.624,66449.70,0.08446,28100,,,,,,
11/13/03,30,438200,1722.00,44619.51,362600,1274.00,22511.29,481600,800800,0.857,0.646,67130.80,0.08383,26693,,,,,,
12/16/03,33,406000,1582.00,41318.57,407400,1218.00,25292.61,481600,813400,0.860,0.649,66611.18,0.08189,24648,,,,,,
TOTAL,368,4677400,2100.00,481654.39,4387600,1582.00,267923.63,5626600,9065000,0.850,0.489,749578.02,0.08269,24633,,,,,,
01/16/04,31,308000,1288.00,31701.19,364000,1204.00,22507.94,431200,672000,0.842,0.701,54209.13,0.08067,21677,,,,,,
02/17/04,32,417200,1540.00,41905.77,422800,1274.00,26143.83,473200,840000,0.871,0.710,68049.60,0.08101,26250,,,,,,
03/17/04,29,389200,1568.00,39665.26,357000,1246.00,22075.09,439600,746200,0.862,0.684,61740.35,0.08274,25731,,,,,,
04/16/04,30,385000,1554.00,39254.95,343000,1260.00,21209.40,434000,728000,0.859,0.651,60464.35,0.08306,24267,,,,,,
05/17/04,31,383600,1722.00,39856.58,352800,1260.00,21815.38,464800,736400,0.846,0.575,61671.96,0.08375,23755,,,,,,
06/16/04,30,359800,1540.00,37134.93,327600,1176.00,20257.14,478800,687400,0.821,0.620,57392.07,0.08349,22913,,,,,,
07/16/04,30,399000,1596.00,40684.20,350000,1330.00,21642.25,523600,749000,0.820,0.652,62326.45,0.08321,24967,,,,,,
08/16/04,31,441000,1806.00,45126.87,456400,1484.00,28221.49,621600,897400,0.822,0.668,73348.36,0.08173,28948,,,,,,
09/14/04,29,470400,2100.00,48799.71,463400,1596.00,28654.33,623000,933800,0.832,0.639,77454.04,0.08294,32200,,,,,,
10/13/04,29,424200,1904.00,44062.58,387800,1470.00,23979.61,534800,812000,0.835,0.613,68042.19,0.08380,28000,,,,,,
11/12/04,30,408800,1554.00,41296.79,362600,1246.00,22421.37,491400,771400,0.843,0.689,63718.16,0.08260,25713,,,,,,
12/15/04,33,383600,1512.00,39018.81,408800,1134.00,25278.14,512400,792400,0.840,0.662,64296.95,0.08114,24012,,,,,,
TOTAL,365,4769800,2100.00,488507.64,4596200,1596.00,284205.97,6028400,9366000,0.841,0.509,772713.61,0.08250,25660,,,,,,
01/17/05,33,324800,1232.00,34942.75,382200,1092.00,25925.26,478800,707000,0.828,0.725,60868.01,0.08609,21424,,,,,,
02/15/05,29,382200,1484.00,43826.45,368200,1232.00,27425.74,443800,750400,0.861,0.727,71252.19,0.09495,25876,,,,,,
03/16/05,29,368200,1456.00,42343.98,358400,1176.00,26695.78,432600,726600,0.859,0.717,69039.76,0.09502,25055,,,,,,
04/15/05,30,340200,1414.00,39444.51,317800,1162.00,23671.65,411600,658000,0.848,0.646,63116.16,0.09592,21933,,,,,,
05/16/05,31,348600,1638.00,41184.70,344400,1176.00,25652.97,425600,693000,0.852,0.569,66837.67,0.09645,22355,,,,,,
06/15/05,30,330400,1568.00,39151.76,333200,1302.00,24818.73,445200,663600,0.830,0.588,63970.49,0.09640,22120,,,,,,
07/15/05,30,375200,1582.00,43611.11,361200,1302.00,26904.34,506800,736400,0.824,0.647,70515.45,0.09576,24547,,,,,,
08/15/05,31,424200,1666.00,48769.76,448000,1428.00,33369.72,592200,872200,0.827,0.704,82139.48,0.09418,28135,,,,,,
09/14/05,30,455000,2002.00,53144.67,435400,1568.00,32431.20,592200,890400,0.833,0.618,85575.87,0.09611,29680,,,,,,
10/13/05,29,455000,2030.00,53256.58,400400,1540.00,29857.50,537600,855400,0.847,0.605,83114.08,0.09716,29497,,,,,,
11/09/05,27,352800,1582.00,41423.43,340200,1288.00,25408.51,413000,693000,0.859,0.676,66831.94,0.09644,25667,,,,,,
12/08/05,29,350000,1442.00,40568.73,351400,1148.00,26245.01,408800,701400,0.864,0.699,66813.74,0.09526,24186,,,,,,
TOTAL,358,4506600,2030.00,521668.43,4440800,1568.00,328406.41,5688200,8947400,0.844,0.513,850074.84,0.09501,24993,,,,,,
01/06/06,29,317800,1428.00,37372.80,322000,1204.00,24049.21,394800,639800,0.851,0.644,61422.01,0.09600,22062,,,,,,
02/09/06,34,403200,1414.00,,397600,1162.00,,470400,800800,0.862,0.694,74930.90,0.09357,23553,,,,,,
03/13/06,32,378000,1414.00,,387800,1190.00,,435400,765800,0.869,0.705,71734.42,0.09367,23931,,,,,,
04/13/06,31,383600,1232.00,,330400,994.00,,400400,714000,0.872,0.779,67256.76,0.09420,23032,,,,,,
05/12/06,29,308000,1484.00,,274400,1106.00,,357000,582400,0.853,0.564,56787.36,0.09751,20083,,,,,,
06/13/06,32,312200,1512.00,,327600,1176.00,,431200,639800,0.829,0.551,61311.80,0.09583,19994,,,,,,
07/14/06,31,385000,1498.00,,369600,1246.00,,506800,754600,0.830,0.677,71511.09,0.09477,24342,,,,,,
08/11/06,28,408800,1764.00,,365400,1386.00,,509600,774200,0.835,0.653,74634.84,0.09640,27650,,,,,,
09/14/06,34,466200,1848.00,,445200,1386.00,,593600,911400,0.838,0.604,86525.75,0.09494,26806,,,,,,
10/12/06,28,386400,1904.00,,351400,1386.00,,456400,737800,0.850,0.577,72012.63,0.09760,26350,,,,,,
11/13/06,32,403200,1568.00,,394800,1316.00,,462000,798000,0.865,0.663,75583.63,0.09472,24938,,,,,,
12/13/06,30,371000,1442.00,,361200,1218.00,,413000,732200,0.871,0.705,69403.00,0.09479,24407,,,,,,
TOTAL,370,4523400,1904.00,37372.80,4327400,1386.00,24049.21,5430600,8850800,0.852,0.523,843114.19,0.09526,23921,,,,,,
01/12/07,30,305200,1372.00,,344400,1120.00,,393400,649600,0.855,0.658,53455.38,0.08229,21653,,,,,,
02/12/07,31,369602,1412.84,,390604,1210.86,,407400,760206,0.881,0.723,67255.42,0.08847,24523,,,,,,
03/13/07,29,353660,1430.92,,342611,1185.64,,357000,696271,0.890,0.699,70666.33,0.10149,24009,,,,,,
04/12/07,30,351530,1427.96,,326476,1170.08,,372400,678006,0.876,0.659,61845.95,0.09122,22600,,,,,,
05/11/07,29,347031,1616.12,,292343,1112.12,,369600,639374,0.866,0.568,59058.26,0.09237,22047,,,,,,
06/13/07,33,359883,1475.84,,361430,1069.72,,470400,721313,0.838,0.617,69665.87,0.09658,21858,,,,,,
07/13/07,30,361310,1597.68,,338729,1182.28,,443800,700039,0.845,0.609,68998.46,0.09856,23335,,,,,,
08/13/07,31,376859,1696.76,,370869,1316.24,,477400,747728,0.843,0.592,77435.62,0.10356,24120,,,,,,
09/13/07,31,467038,2010.92,,435802,1469.56,,548800,902840,0.855,0.603,85144.48,0.09431,29124,,,,,,
10/11/07,28,425821,2025.20,,376354,1411.56,,473200,802175,0.861,0.589,73882.82,0.09210,28649,,,,,,
11/13/07,33,448380,1757.24,,414036,1267.92,,485800,862416,0.871,0.620,75138.71,0.08713,26134,,,,,,
12/13/07,30,361135,1422.92,,348198,1169.28,,379400,709333,0.882,0.692,68389.21,0.09641,23644,,,,,,
TOTAL,365,4527449,2025.20,,4341852,1469.56,,5178600,8869301,0.864,0.500,830936.51,0.09369,24299,,,,,,
01/14/08,32,278228,1333.48,,366546,1118.44,,397600,644774,0.851,0.630,64781.92,0.10047,20149,,,,,,
02/13/08,30,362919,1388.48,,332586,1128.12,,373800,695505,0.881,0.696,64980.99,0.09343,23184,,,,,,
03/13/08,29,350379,1417.48,,331041,1165.48,,364000,681420,0.882,0.691,67926.84,0.09968,23497,,,,,,
04/11/08,29,321004,1382.16,,306909,1172.20,,376600,627913,0.858,0.653,61841.91,0.09849,21652,,,,,,
05/13/08,32,363948,1409.08,,324462,1014.28,,379400,688410,0.876,0.636,65453.60,0.09508,21513,,,,,,
06/12/08,30,325058,1491.84,,292313,1013.84,,379400,617371,0.852,0.575,64675.57,0.10476,20579,,,,,,
07/14/08,32,354661,1565.32,,352328,1092.80,,455000,706989,0.841,0.588,83895.68,0.11867,22093,,,,,,
08/13/08,30,409103,1572.88,,339108,1152.48,,476000,748211,0.844,0.661,86394.91,0.11547,24940,,,,,,
09/12/08,30,425476,1971.44,,371376,1282.24,,478800,796852,0.857,0.561,75163.35,0.09433,26562,,,,,,
10/13/08,31,401488,1829.52,,390150,1317.08,,453600,791638,0.868,0.582,69699.84,0.08805,25537,,,,,,
11/13/08,31,417302,1615.72,,336586,1170.52,,413000,753888,0.877,0.627,60138.38,0.07977,24319,,,,,,
12/15/08,32,360063,1405.28,,377278,1103.72,,413000,737341,0.872,0.683,60956.06,0.08267,23042,,,,,,
TOTAL,368,4369629,1971.44,,4120683,1317.08,,4960200,8490312,0.863,0.488,825909.05,0.09728,23072,,,,,,
01/14/09,30,275616,1193.60,,333953,1071.80,,376600,609569,0.851,0.709,49364.30,0.08098,20319,,"$10,960.40",$0.01798,"$38,403.17",$0.0630,
02/12/09,29,353718,1398.16,,332567,1147.40,,364000,686285,0.883,0.705,57308.29,0.08351,23665,,"$11,409.40",$0.01662,"$45,898.16",$0.0669,
03/13/09,29,350827,1377.16,,320140,1129.36,,372400,670967,0.874,0.700,43101.50,0.06424,23137,,"$11,219.03",$0.01672,"$31,881.74",$0.0475,
04/14/09,32,343848,1379.68,,342869,1142.36,,399000,686717,0.865,0.648,38730.20,0.05640,21460,,"$11,370.80",$0.01656,"$27,358.67",$0.0398,
05/13/09,29,327441,1637.16,,282154,1182.68,,368200,609595,0.856,0.535,34856.07,0.05718,21021,,"$11,817.50",$0.01939,"$23,037.84",$0.0378,
06/11/09,29,283008,1354.44,,269908,1023.96,,361200,552916,0.837,0.587,34726.39,0.06281,19066,,"$11,761.15",$0.02127,"$22,964.51",$0.0415,
07/14/09,33,329602,1323.80,,298668,936.56,,401800,628270,0.842,0.599,42277.42,0.06729,19038,,"$15,885.24",$0.02528,"$26,391.45",$0.0420,
08/13/09,30,354136,1436.76,,282408,1007.12,,404600,636544,0.844,0.615,43813.76,0.06883,21218,,"$17,803.74",$0.02797,"$26,009.29",$0.0409,
09/14/09,32,440403,1915.60,,415844,1307.00,,519400,856247,0.855,0.582,56271.91,0.06572,26758,,"$24,568.95",$0.02869,"$31,702.23",$0.0370,
10/13/09,29,386515,1924.40,,313174,1272.16,,400600,699689,0.868,0.522,46856.63,0.06697,24127,,"$20,999.62",$0.03001,"$25,856.28",$0.0370,
11/12/09,30,371036,1468.72,,311823,1136.08,,365400,682859,0.882,0.646,47441.61,0.06947,22762,,"$17,304.91",$0.02534,"$30,135.97",$0.0441,
12/14/09,32,348089,1332.20,,358580,1050.80,,387800,706669,0.877,0.691,47455.88,0.06715,22083,,"$16,995.83",$0.02405,"$30,459.32",$0.0431,
TOTAL,364,4164239,1924.40,,3862088,1307.00,,4721000,8026327,0.862,0.477,542203.96,0.06755,22050,,"$182,096.57",$0.02269,"$360,098.63",$0.04486,
01/14/10,31,288610,1179.32,,326498,1028.56,,368200,615108,0.858,0.701,47878.79,0.07784,19842,,"$12,154.48",$0.01976,"$35,723.58",$0.0581,
02/11/10,28,330929,1393.12,,306977,1068.88,,341600,637906,0.882,0.681,42089.69,0.06598,22782,,"$9,918.06",$0.01555,"$32,170.90",$0.0504,
03/12/10,29,340171,1364.12,,310676,1056.28,,355600,650847,0.878,0.686,39717.08,0.06102,22443,,"$10,239.99",$0.01573,"$29,476.36",$0.0453,
04/14/10,33,349356,1378.00,,323712,1057.08,,378000,673068,0.872,0.617,38166.65,0.05671,20396,,"$9,542.86",$0.01418,"$28,623.06",$0.0425,
05/13/10,29,330943,1591.36,,262144,901.72,,334600,593087,0.871,0.535,40364.11,0.06806,20451,,"$9,079.21",$0.01531,"$31,284.17",$0.0527,
06/11/10,29,321918,1431.36,,275991,989.08,,408800,597909,0.825,0.600,45379.39,0.07590,20618,,"$9,583.13",$0.01603,"$35,795.53",$0.0599,
07/14/10,33,401692,1575.84,,319936,1044.92,,435400,721628,0.856,0.578,60771.02,0.08421,21868,,"$12,597.30",$0.01746,"$48,172.99",$0.0668,
08/12/10,29,391236,1545.12,,285837,1110.44,,422800,677073,0.848,0.630,59080.12,0.08726,23347,,"$10,961.48",$0.01619,"$48,117.91",$0.0711,
09/14/10,33,469518,2060.08,,387925,1340.60,,516600,857443,0.857,0.526,63415.97,0.07396,25983,,"$12,067.51",$0.01407,"$51,347.73",$0.0599,
10/13/10,29,381070,1921.88,,311216,1300.28,,410200,692286,0.860,0.518,45062.59,0.06509,23872,,"$9,887.56",$0.01428,"$35,174.30",$0.0508,
11/10/10,28,334827,1421.68,,277754,1039.88,,357000,612581,0.864,0.641,36128.72,0.05898,21878,,"$8,253.35",$0.01347,"$27,874.64",$0.0455,
12/13/10,33,357448,1377.56,,360388,1103.32,,372400,717836,0.888,0.658,46788.31,0.06518,21753,,"$9,776.01",$0.01362,"$37,011.57",$0.0516,
TOTAL,364,4297718,2060.08,,3749054,1340.60,,4701200,8046772,0.863,0.447,564842.44,0.07019,22107,,"$124,060.94",$0.01542,"$440,772.74",$0.05478,
01/13/11,31,307087,1197.40,,312930,1084.84,,362600,620017,0.863,0.696,42411.22,0.06840,20001,,"$7,160.70",$0.01155,"$35,249.79",$0.0569,
02/11/11,29,330766,1400.28,,322941,1134.00,,364000,653707,0.874,0.671,49506.80,0.07573,22542,,"$6,809.54",$0.01042,"$42,696.53",$0.0653,
03/14/11,31,333192,1349.84,,367760,1119.68,,357000,700952,0.891,0.698,34971.84,0.04989,22611,,"$4,241.16",$0.00605,"$30,729.95",$0.0438,
04/13/11,30,320593,1336.84,,298942,1103.76,,337400,619535,0.878,0.644,31448.51,0.05076,20651,,"$2,576.87",$0.00416,"$28,870.91",$0.0466,
05/12/11,29,317942,1469.96,,256236,969.76,,317800,574178,0.875,0.561,30585.19,0.05327,19799,,"$3,584.18",$0.00624,"$27,000.28",$0.0470,
06/14/11,33,337244,1435.08,,333011,1018.88,,422800,670255,0.846,0.590,42331.29,0.06316,20311,,"$6,533.59",$0.00975,"$35,796.97",$0.0534,
07/14/11,30,338037,1511.96,,293281,971.40,,401800,631318,0.844,0.580,42208.58,0.06686,21044,,"$9,647.13",$0.01528,"$32,560.72",$0.0516,
08/11/11,28,343054,1652.24,,298719,1227.64,,414400,641773,0.840,0.578,51303.81,0.07994,22920,,"$11,851.70",$0.01847,"$39,451.38",$0.0615,
09/13/11,33,400545,1788.72,,422919,1291.48,,523600,823464,0.844,0.581,48496.11,0.05889,24953,,"$13,749.26",$0.01670,"$34,746.12",$0.0422,
10/13/11,30,411523,1762.72,,345267,1267.96,,445200,756790,0.862,0.596,43012.61,0.05684,25226,,"$10,315.89",$0.01363,"$32,695.99",$0.0432,
11/10/11,28,344777,1598.48,,312492,1102.08,,415800,657269,0.845,0.612,37856.67,0.05760,23474,,"$8,643.59",$0.01315,"$29,212.35",$0.0444,
12/13/11,33,361263,1439.72,,381144,1044.92,,376600,742407,0.892,0.651,39931.83,0.05379,22497,,"$9,974.36",$0.01344,"$29,956.74",$0.0404,
TOTAL,365,4146023,1788.72,,3945642,1291.48,,4739000,8091665,0.863,0.516,494064.46,0.06106,22169,,"$95,087.97",$0.01175,"$398,967.73",$0.04931,
01/13/12,31,318002,1285.60,,314925,1017.20,,406000,632927,0.842,0.662,35094.07,0.05545,20417,,"$8,365.57",$0.01322,"$26,727.77",$0.0422,
02/13/12,31,338135,1318.36,,356351,1048.28,,365400,694486,0.885,0.708,35517.43,0.05114,22403,,"$7,792.57",$0.01122,"$27,724.13",$0.0399,
03/14/12,30,343983,1286.04,,310461,1042.00,,364000,654444,0.874,0.707,29647.38,0.04530,21815,,"$9,110.73",$0.01392,"$20,535.92",$0.0314,
04/13/12,30,321434,1674.52,,294330,1123.92,,378000,615764,0.852,0.511,30021.27,0.04875,20525,,"$12,314.03",$0.02000,"$17,706.51",$0.0288,
05/14/12,31,320878,1459.88,,305322,1102.88,,340200,626200,0.879,0.577,33580.80,0.05363,20200,,"$12,856.20",$0.02053,"$20,723.87",$0.0331,
06/13/12,30,298304,1400.24,,300306,1038.64,,393400,598610,0.836,0.594,35806.26,0.05982,19954,,"$11,421.09",$0.01908,"$24,384.44",$0.0407,
07/13/12,30,336609,1466.20,,336307,1128.52,,463400,672916,0.824,0.637,44756.04,0.06651,22431,,"$11,661.25",$0.01733,"$33,094.06",$0.0492,
08/14/12,32,359198,1417.08,,378480,1106.24,,439600,737678,0.859,0.678,48983.72,0.06640,23052,,"$11,818.53",$0.01602,"$37,164.46",$0.0504,
09/13/12,30,396969,1864.80,,371077,1343.96,,478800,768046,0.849,0.572,48927.84,0.06370,25602,,"$12,987.64",$0.01691,"$35,939.47",$0.0468,
10/11/12,28,363599,1868.12,,328554,1391.00,,408800,692153,0.861,0.551,47910.31,0.06922,24720,,"$12,286.67",$0.01775,"$35,622.91",$0.0515,
11/13/12,33,381551,1526.24,,367756,1192.76,,417200,749307,0.874,0.620,49642.95,0.06625,22706,,"$11,747.93",$0.01568,"$37,894.29",$0.0506,
12/13/12,30,323340,1299.04,,314513,1020.12,,340200,637853,0.882,0.682,40546.85,0.06357,21262,,"$9,699.69",$0.01521,"$30,846.43",$0.0484,
TOTAL,366,4102002,1868.12,,3978382,1391.00,,4795000,8080384,0.860,0.492,480434.92,0.05946,22078,,"$132,061.90",$0.01634,"$348,364.26",$0.04311,
01/14/13,32,259484,1253.68,,354127,1007.96,,357000,613611,0.864,0.637,38902.45,0.06340,19175,,"$9,856.71",$0.01606,"$29,045.01",$0.0473,
02/12/13,29,318324,1326.32,,315674,1084.00,,324800,633998,0.890,0.687,55838.76,0.08807,21862,,"$10,642.83",$0.01679,"$45,195.20",$0.0713,
03/13/13,29,328407,1304.08,,309535,1051.64,,323400,637942,0.892,0.703,39858.74,0.06248,21998,,"$10,202.33",$0.01599,"$29,655.68",$0.0465,
04/11/13,29,281964,1270.92,,277179,1065.08,,301000,559143,0.881,0.632,39387.42,0.07044,19281,,"$9,229.24",$0.01651,"$30,157.45",$0.0539,
05/13/13,32,315080,1400.64,,300036,927.76,,344400,615116,0.873,0.572,41707.00,0.06780,19222,,"$6,928.44",$0.01126,"$34,777.83",$0.0565,
06/13/13,31,309270,1460.72,,287136,1044.52,,361200,596406,0.855,0.549,41830.22,0.07014,19239,,"$8,015.07",$0.01344,"$33,814.42",$0.0567,
07/12/13,29,325417,1475.04,,295500,1061.32,,407400,620917,0.836,0.605,47995.00,0.07730,21411,,"$12,153.66",$0.01957,"$35,840.61",$0.0577,
08/13/13,32,369176,1665.28,,378493,1296.52,,434000,747669,0.865,0.585,60857.85,0.08140,23365,,"$13,621.76",$0.01822,"$47,235.36",$0.0632,
09/13/13,31,441017,2146.20,,409922,1348.60,,523600,850939,0.852,0.533,66259.10,0.07787,27450,,"$16,261.16",$0.01911,"$49,997.21",$0.0588,
10/11/13,28,377181,1671.96,,343685,1264.20,,397600,720866,0.876,0.642,55610.18,0.07714,25745,,"$13,225.15",$0.01835,"$42,384.30",$0.0588,
11/13/13,33,387268,1554.00,,387134,1145.28,,386400,774402,0.895,0.629,54225.86,0.07002,23467,,"$11,320.14",$0.01462,"$42,904.99",$0.0554,
12/13/13,30,344067,1335.16,,346665,1092.40,,378000,690732,0.877,0.719,46012.31,0.06661,23024,,"$9,076.03",$0.01314,"$36,935.55",$0.0535,
TOTAL,365,4056655,2146.20,,4005086,1348.60,,4538800,8061741,0.871,0.429,588484.89,0.07300,22087,,"$130,532.52",$0.01619,"$457,943.61",$0.05680,
01/14/14,32,282410,1371.68,,384296,1098.28,,344400,666706,0.888,0.633,62165.60,0.09324,20835,,"$8,993.48",$0.01349,"$53,171.39",$0.0798,
02/12/14,29,315821,1331.40,,315888,1114.24,,309400,631709,0.898,0.682,103529.31,0.16389,21783,,"$7,279.25",$0.01152,"$96,249.33",$0.1524,
03/13/14,29,338314,1313.72,,324412,1100.36,,320600,662726,0.900,0.725,83340.40,0.12575,22853,,"$6,915.96",$0.01044,"$76,423.71",$0.1153,
04/11/14,29,319605,1327.60,,301930,1080.64,,343000,621535,0.876,0.673,50504.73,0.08126,21432,,"$4,181.18",$0.00673,"$46,322.82",$0.0745,
05/13/14,32,303869,1669.88,,295611,981.08,,294000,599480,0.898,0.467,39545.08,0.06597,18734,,"$2,810.11",$0.00469,"$36,734.24",$0.0613,
06/12/14,30,317687,1588.80,,287258,1082.76,,340200,604945,0.872,0.529,36565.51,0.06044,20165,,"$5,704.07",$0.00943,"$30,860.71",$0.0510,
07/15/14,33,373059,1464.92,,361021,1135.24,,428400,734080,0.864,0.633,49317.28,0.06718,22245,,"$9,034.95",$0.01231,"$40,281.60",$0.0549,
08/13/14,29,329329,1440.12,,291951,1028.16,,364000,621280,0.863,0.620,43769.19,0.07045,21423,,"$12,576.13",$0.02024,"$31,192.33",$0.0502,
09/12/14,30,396849,1951.28,,366088,1325.08,,459200,762937,0.857,0.543,57242.04,0.07503,25431,,"$17,722.63",$0.02323,"$39,518.68",$0.0518,
10/14/14,32,407144,1845.84,,391269,1215.44,,399000,798413,0.895,0.563,56202.80,0.07039,24950,,"$17,497.53",$0.02192,"$38,704.54",$0.0485,
11/12/14,29,374722,1550.60,,344210,1223.04,,352800,718932,0.898,0.666,50488.87,0.07023,24791,,"$14,482.81",$0.02014,"$36,005.33",$0.0501,
12/12/14,30,355973,1377.16,,361371,1143.24,,364000,717344,0.892,0.723,50783.98,0.07079,23911,,"$12,098.68",$0.01687,"$38,684.57",$0.0539,
TOTAL,364,4114782,1951.28,,4025305,1325.08,,4319000,8140087,0.883,0.478,"$683,455",$0.0840,"22,363",,"$119,297",$0.01466,"$564,149",$0.0693,
01/14/15,33,"320,346","1,357.84",,"416,740","1,147.84",,"355,600","737,086",0.901,0.685,"$46,086.66",$0.0625,"22,336",,"$8,830.01",$0.01198,"$37,256.65",$0.0505,
02/11/15,28,"333,288","1,428.80",,"342,399","1,185.64",,"320,600","675,687",0.903,0.704,"$43,995.42",$0.0651,"24,132",,"$5,358.19",$0.00793,"$38,637.23",$0.0572,
03/12/15,29,"367,604","1,428.40",,"356,572","1,233.08",,"327,600","724,176",0.911,0.728,"$73,143.46",$0.1010,"24,972",,"$6,759.04",$0.00933,"$66,384.42",$0.0917,
04/14/15,33,"354,270","1,375.88",,"363,272","1,152.88",,"348,600","717,542",0.899,0.658,"$39,986.47",$0.0557,"21,744",,"$12,822.10",$0.01787,"$27,164.37",$0.0379,
05/13/15,29,"345,852","1,720.72",,"293,662","1,099.12",,"317,800","639,514",0.896,0.534,"$30,635.65",$0.0479,"22,052",,"$13,796.19",$0.02157,"$16,839.46",$0.0263,
06/11/15,29,"319,090","1,680.80",,"308,000","1,238.96",,"345,800","627,090",0.876,0.536,"$36,295.02",$0.0579,"21,624",,"$9,740.17",$0.01553,"$26,554.85",$0.0423,
07/14/15,33,"388,944","1,467.48",,"356,992","1,117.16",,"425,600","745,936",0.869,0.642,"$52,818.72",$0.0708,"22,604",,"$11,374.41",$0.01525,"$41,444.31",$0.0556,
08/13/15,30,"378,315","1,476.24",,"328,559","1,341.04",,"410,200","706,874",0.865,0.665,"$51,069.04",$0.0722,"23,562",,"$12,766.74",$0.01806,"$38,302.30",$0.0542,
09/14/15,32,"451,741","2,153.28",,"438,656","1,437.60",,"502,600","890,397",0.871,0.538,"$63,665.87",$0.0715,"27,825",,"$15,104.57",$0.01696,"$48,561.30",$0.0545,
10/14/15,30,"436,350","1,888.28",,"359,486","1,342.32",,"417,200","795,836",0.886,0.585,"$49,768.00",$0.0625,"26,528",,"$14,218.38",$0.01787,"$35,549.62",$0.0447,
11/12/15,29,"386,070","1,653.96",,"339,488","1,133.56",,"362,600","725,558",0.895,0.630,"$39,112.55",$0.0539,"25,019",,"$12,728.90",$0.01754,"$26,383.65",$0.0364,
12/14/15,32,"363,928","1,495.20",,"400,740","1,122.24",,"382,200","764,668",0.894,0.666,"$33,430.28",$0.0437,"23,896",,"$10,997.15",$0.01438,"$22,433.13",$0.0293,
TOTAL,367,"4,445,798","2,153.28",,"4,304,566","1,437.60",,"4,516,400","8,750,364",0.889,0.461,"$560,007",$0.0640,"23,843",,"$134,496",$0.01537,"$425,511",$0.0486,
1/14/2016,31,"321,737","1,377.16",,"378,749","1,120.12",,"364,000","700,486",0.887,0.684,"$26,234.25",$0.0375,"22,596",,"$8,535.21",$0.01218,"$17,699.04",$0.0253,
2/11/2016,28,"340,782","1,379.28",,"348,823","1,160.40",,"330,400","689,605",0.902,0.744,"$29,526.63",$0.0428,"24,629",,"$7,879.27",$0.01143,"$21,647.36",$0.0314,
3/11/2016,29,"354,799","1,467.00",,"353,848","1,150.36",,"365,400","708,647",0.889,0.694,"$31,839.54",$0.0449,"24,436",,"$10,560.41",$0.01490,"$21,279.13",$0.0300,
4/13/2016,33,"345,804","1,330.12",,"367,187","1,063.40",,"343,000","712,991",0.901,0.677,"$31,407.28",$0.0441,"21,606",,"$14,234.41",$0.01996,"$17,172.87",$0.0241,
5/12/2016,29,"310,144","1,396.48",,"279,905","1,073.48",,"284,200","590,049",0.901,0.607,"$38,130.31",$0.0646,"20,347",,"$14,793.25",$0.02507,"$23,337.06",$0.0396,
6/13/2016,32,"312,314","1,337.28",,"362,546","1,167.60",,"382,200","674,860",0.870,0.657,"$36,793.24",$0.0545,"21,089",,"$12,685.04",$0.01880,"$24,108.20",$0.0357,
7/14/2016,31,"382,965","1,602.28",,"358,979","1,199.52",,"428,400","741,944",0.866,0.622,"$43,827.50",$0.0591,"23,934",,"$13,054.77",$0.01760,"$30,772.73",$0.0415,
8/12/2016,29,"391,394","1,563.60",,"371,118","1,174.28",,"474,600","762,512",0.849,0.701,"$46,386.06",$0.0608,"26,294",,"$11,740.90",$0.01540,"$34,645.16",$0.0454,
9/14/2016,33,"472,026","2,105.88",,"497,747","1,549.36",,"525,000","969,773",0.879,0.581,"$52,526.81",$0.0542,"29,387",,"$14,172.36",$0.01461,"$38,354.45",$0.0395,
10/13/2016,29,"397,988","1,840.00",,"358,448","1,348.60",,"403,200","756,436",0.882,0.591,"$42,707.69",$0.0565,"26,084",,"$11,836.81",$0.01565,"$30,870.88",$0.0408,
11/10/2016,28,"342,074","1,735.84",,"326,044","1,390.16",,"368,200","668,118",0.876,0.573,"$42,296.57",$0.0633,"23,861",,"$11,399.01",$0.01706,"$30,897.56",$0.0462,
12/13/2016,33,"339,911","1,276.80",,"381,899","1,031.48",,"319,200","721,810",0.915,0.714,"$38,569.55",$0.0534,"21,873",,"$10,922.21",$0.01513,"$27,647.34",$0.0383,
TOTAL,365,"4,311,938","2,105.88",,"4,385,293","1,549.36",,"4,587,800","8,697,231",0.884,0.471,"$460,245",$0.0529,"23,828",,"$141,814",$0.01631,"$318,432",$0.0366,
1/13/2017,31,"319,914","1,288.12",,"327,363","1,086.96",,"355,600","647,277",0.876,0.675,"$33,502.05",$0.0518,"20,880",,"$9,563.77",$0.01478,"$23,938.28",$0.0370,
2/10/2018,28,"303,641","1,288.08",,"320,827","1,092.40",,"309,400","624,468",0.896,0.721,"$31,235.10",$0.0500,"22,302",,"$7,452.10",$0.01193,"$23,783.00",$0.0381,
3/14/2017,32,"344,099","1,290.24",,"380,062","1,075.60",,"333,200","724,161",0.908,0.731,"$29,852.34",$0.0412,"22,630",,"$5,923.75",$0.00818,"$23,928.59",$0.0330,
4/12/2017,29,"312,954","1,316.68",,"308,381","1,115.08",,"295,400","621,335",0.903,0.678,"$31,006.01",$0.0499,"21,425",,"$8,670.33",$0.01395,"$22,335.68",$0.0359,
5/11/2017,29,"290,548","1,540.56",,"271,846","1,074.76",,"280,000","562,394",0.895,0.525,"$28,457.48",$0.0506,"19,393",,"$10,692.02",$0.01901,"$17,765.46",$0.0316,
6/13/2017,33,"331,548","1,652.68",,"337,443","1,084.84",,"350,000","668,991",0.886,0.511,"$31,727.34",$0.0474,"20,272",,"$10,524.06",$0.01573,"$21,203.28",$0.0317,
7/14/2017,31,"359,863","1,416.20",,"353,617","1,076.84",,"436,800","713,480",0.853,0.677,"$41,893.24",$0.0587,"23,015",,"$11,366.68",$0.01593,"$30,526.56",$0.0428,
8/15/2017,32,"373,398","1,573.32",,"376,083","1,126.84",,"408,800","749,481",0.878,0.620,"$45,274.70",$0.0604,"23,421",,"$11,472.66",$0.01531,"$33,802.04",$0.0451,
9/14/2017,30,"404,703","1,785.00",,"366,647","1,313.32",,"432,600","771,350",0.872,0.600,"$38,650.06",$0.0501,"25,712",,"$11,039.72",$0.01431,"$27,610.34",$0.0358,
10/12/2017,28,"398,835","1,935.36",,"371,645","1,458.64",,"425,600","770,480",0.875,0.592,"$45,661.87",$0.0593,"27,517",,"$10,720.24",$0.01391,"$34,941.63",$0.0454,
11/13/2017,32,"364,981","1,504.40",,"370,488","1,281.40",,"368,200","735,469",0.894,0.637,"$37,526.70",$0.0510,"22,983",,"$9,215.21",$0.01253,"$28,311.49",$0.0385,
12/13/2017,30,"326,639","1,272.56",,"339,820","1,045.36",,"313,600","666,459",0.905,0.727,"$30,665.63",$0.0460,"22,215",,"$7,769.31",$0.01166,"$22,896.32",$0.0344,
TOTAL,365,"4,131,123","1,935.36",,"4,124,222","1,458.64",,"4,309,200","8,255,345",0.886,0.487,"$425,453",$0.0515,"22,617",,"$114,410",$0.01386,"$311,043",$0.0377,
1/12/2018,30,"286,267","1,227.64",,"361,401","1,071.80",,"354,200","647,668",0.877,0.733,"$55,235.92",$0.0853,"21,589",,"$7,561.40",$0.01167,"$47,674.52",$0.0736,
2/12/2018,31,"321,778","1,267.96",,"377,789","1,069.28",,"320,600","699,567",0.909,0.742,"$40,354.55",$0.0577,"22,567",,"$6,953.70",$0.00994,"$33,400.85",$0.0477,
3/14/2018,30,"350,622","1,406.56",,"335,696","1,048.32",,"337,400","686,318",0.897,0.678,"$24,606.81",$0.0359,"22,877",,"$7,388.37",$0.01077,"$17,218.44",$0.0251,
4/12/2018,29,"308,111","1,288.96",,"304,992","1,028.56",,"292,600","613,103",0.902,0.683,"$29,341.36",$0.0479,"21,141",,"$7,952.01",$0.01297,"$21,389.35",$0.0349,
5/11/2018,29,"316,185","1,571.24",,"277,481","1,029.40",,"309,400","593,666",0.887,0.543,"$40,691.97",$0.0685,"20,471",,"$9,495.54",$0.01599,"$31,196.43",$0.0525,
6/13/2018,33,"326,400","1,447.68",,"335,588",994.56,,"361,200","661,988",0.878,0.577,"$41,284.79",$0.0624,"20,060",,"$13,132.16",$0.01984,"$28,152.63",$0.0425,
7/13/2018,30,"342,316","1,508.60",,"329,997","1,140.68",,"438,200","672,313",0.838,0.619,"$43,452.46",$0.0646,"22,410",,"$11,271.05",$0.01676,"$32,181.41",$0.0479,
8/14/2018,32,"393,647","1,639.24",,"578,926","1,212.92",,"463,400","972,573",0.903,0.773,"$52,019.76",$0.0535,"30,393",,"$12,792.93",$0.01315,"$39,226.83",$0.0403,
9/13/2018,30,"451,531","1,992.88",,"444,187","1,477.96",,"526,400","895,718",0.862,0.624,"$57,734.81",$0.0645,"29,857",,"$13,363.78",$0.01492,"$44,371.03",$0.0495,
10/11/2018,28,"388,916","1,800.96",,"375,527","1,358.28",,"428,400","764,443",0.872,0.632,"$48,511.77",$0.0635,"27,302",,"$11,482.05",$0.01502,"$37,029.72",$0.0484,
11/13/2018,33,"367,209","1,408.64",,"370,877",984.84,,"366,800","738,086",0.896,0.662,"$42,001.81",$0.0569,"22,366",,"$9,094.83",$0.01232,"$32,906.98",$0.0446,
12/13/2018,30,"337,662","1,019.30",,"353,322","1,603.80",,"482,454","690,984",0.820,0.942,,$0.0000,"23,033",,"$7,520.10",$0.01088,"$32,021.06",$0.0463,
TOTAL,365,"4,190,644","1,992.88",,"4,445,783","1,603.80",,"4,681,054","8,636,427",0.879,0.495,"$475,236",$0.0550,"23,661",,"$118,008",$0.01366,"$396,769",$0.0459,
1/15/2019,33,"299,909","1,603.80",,"394,795","1,021.40",,"551,524","694,704",0.783,0.547,"$31,108.95",$0.0448,"21,052",,"$6,880.70",$0.0099,"$24,228.25",$0.0349,
2/12/2019,28,"313,098","1,551.40",,"325,948","1,065.10",,"456,238","639,046",0.814,0.613,"$35,083.34",$0.0549,"22,823",,"$6,468.71",$0.0101,"$28,614.63",$0.0448,
3/13/2019,29,"348,780","1,660.70",,"333,128","1,057.20",,"142,800","681,908",0.979,0.590,"$30,925.81",$0.0454,"23,514",,"$7,351.44",$0.0108,"$23,574.37",$0.0346,
4/11/2019,29,"321,474","1,419.50",,"301,169",969.30,,"818,739","622,643",0.605,0.630,"$33,492.39",$0.0538,"21,470",,"$9,176.43",$0.0147,"$24,315.96",$0.0391,
5/14/2019,33,"300,940","1,318.76",,"304,325",992.00,,"411,600","605,265",0.827,0.580,"$30,287.45",$0.0500,"18,341",,"$10,591.26",$0.0175,"$19,696.19",$0.0325,
6/13/2019,30,"307,011","1,552.72",,"297,309","1,031.48",,"372,400","604,320",0.851,0.541,"$26,661.26",$0.0441,"20,144",,"$12,080.34",$0.0200,"$14,580.92",$0.0241,
7/12/2019,29,"354,886","1,498.96",,"352,853","1,275.92",,"443,800","707,739",0.847,0.678,"$39,200.54",$0.0554,"24,405",,"$11,648.01",$0.0165,"$27,552.53",$0.0389,
8/13/2019,32,"422,030","1,724.92",,"421,731","1,350.28",,"247,800","843,761",0.959,0.637,"$47,382.43",$0.0562,"26,368",,"$12,960.58",$0.0154,"$34,421.85",$0.0408,
9/13/2019,31,"470,342","2,046.24",,"411,436","1,360.76",,"470,400","881,778",0.882,0.579,"$41,858.10",$0.0475,"28,444",,"$12,418.94",$0.0141,"$29,439.16",$0.0334,
10/11/2019,28,"381,438","1,877.80",,"359,261","1,386.80",,"431,200","740,699",0.864,0.587,"$37,532.59",$0.0507,"26,454",,"$10,784.61",$0.0146,"$26,747.98",$0.0361,
11/13/2019,33,"362,848","1,481.72",,"376,675","1,979.80",,"378,000","739,523",0.890,0.630,"$35,065.10",$0.0474,"22,410",,"$9,112.02",$0.0123,"$25,953.08",$0.0351,
12/13/2019,30,"321,608","1,297.36",,"335,872",998.72,,"344,400","657,480",0.886,0.704,"$30,531.27",$0.0464,"21,916",,"$8,284.10",$0.0126,"$22,247.17",$0.0338,
TOTAL,365,"4,204,364","2,046.24",,"4,214,502","1,979.80",,"5,068,901","8,418,866",0.857,0.470,"$419,129",$0.0498,"23,065",,,,,,
1/15/2020,33,"287,754","1,260.40",,"381,081","1,004.16",,"336,000","668,835",0.894,0.670,"$28,990.53",$0.0433,"20,268",,"$7,920.67",$0.0118,"$21,069.86",$0.0315,
2/13/2020,29,"323,911","1,267.52",,"318,801",994.56,,"312,200","642,712",0.899,0.729,"$28,707.57",$0.0447,"22,162",,"$7,265.51",$0.0113,"$21,442.06",$0.0334,
3/13/2020,29,"325,917","1,291.92",,"313,210","1,056.68",,"336,000","639,127",0.885,0.711,"$24,000.87",$0.0376,"22,039",,"$7,338.10",$0.0115,"$16,662.77",$0.0261,
4/15/2020,33,"226,964","1,166.76",,"268,731",933.24,,"268,800","495,695",0.879,0.536,"$20,180.63",$0.0407,"15,021",,"$8,560.87",$0.0173,"$11,619.76",$0.0234,
5/13/2020,28,"163,419",668.60,,"195,643",703.08,,"211,400","359,062",0.862,0.799,"$19,055.97",$0.0531,"12,824",,"$7,534.94",$0.0210,"$11,521.03",$0.0321,
6/11/2020,29,"188,624","1,137.36",,"198,771",925.68,,"235,200","387,395",0.855,0.489,"$23,468.60",$0.0606,"13,358",,"$8,802.59",$0.0227,"$14,666.01",$0.0379,
7/14/2020,33,"317,090","1,275.08",,"327,620","1,086.96",,"403,200","644,710",0.848,0.638,"$34,843.72",$0.0540,"19,537",,"$10,884.81",$0.0169,"$23,958.91",$0.0372,
8/13/2020,30,"347,971","1,390.16",,"347,068","1,061.72",,"438,200","695,039",0.846,0.694,"$39,666.53",$0.0571,"23,168",,"$11,054.60",$0.0159,"$28,611.93",$0.0412,
9/15/2020,33,"348,853","1,490.96",,"376,467","1,140.28",,"438,200","725,320",0.856,0.614,"$38,977.63",$0.0537,"21,979",,"$10,865.17",$0.0150,"$28,112.46",$0.0388,
10/14/2020,29,"254,873","1,370.88",,"255,502","1,075.60",,"289,800","510,375",0.870,0.535,"$27,054.03",$0.0530,"17,599",,"$8,418.44",$0.0165,"$18,635.59",$0.0365,
11/12/2020,29,"240,179","1,070.12",,"237,037",755.52,,"266,000","477,216",0.873,0.641,"$22,526.80",$0.0472,"16,456",,"$7,435.35",$0.0156,"$15,091.45",$0.0316,
12/14/2020,32,"233,311",893.76,,"275,464",754.28,,"271,600","508,775",0.882,0.741,"$20,254.69",$0.0398,"15,899",,"$6,750.41",$0.0133,"$13,504.28",$0.0265,NYSEG Electric Delivery Rate Increases
TOTAL,367,"3,258,866","1,490.96",,"3,495,395","1,140.28",,"3,806,600","6,754,261",0.871,0.514,"$327,728",$0.0485,"18,404",,,,,,12/1/2020
1/14/2021,31,"210,728",869.80,,"257,046",755.12,,"260,400","467,774",0.874,0.723,"$21,432.78",$0.0458,"15,089",,"$6,066.92",$0.0130,"$15,365.86",$0.0328,5/1/2021
2/11/2021,28,"222,080",898.36,,"235,895",781.16,,"238,000","457,975",0.887,0.759,"$5,772.74",$0.0126,"16,356",,"$5,772.74",$0.0126,Effective,,5/1/2022
3/12/2021,29,"238,552",904.24,,"245,921",782.88,,"247,800","484,473",0.890,0.770,"$5,536.80",$0.0114,"16,706",,"$5,536.80",$0.0114,1/15/2021,,
4/14/2021,33,"258,757",907.60,,"268,666",770.64,,"288,400","527,423",0.877,0.734,"$7,203.35",$0.0137,"15,983",,"$7,203.35",$0.0137,Customer ,,
,,,,,,,,,0,#DIV/0!,#DIV/0!,,#DIV/0!,#DIV/0!,,,#DIV/0!,switched ,,
,,,,,,,,,0,#DIV/0!,#DIV/0!,,#DIV/0!,#DIV/0!,,,#DIV/0!,to an ,,
,,,,,,,,,0,#DIV/0!,#DIV/0!,,#DIV/0!,#DIV/0!,,,#DIV/0!,ESCO ,,
,,,,,,,,,0,#DIV/0!,#DIV/0!,,#DIV/0!,#DIV/0!,,,#DIV/0!,Supplier,,
,,,,,,,,,0,#DIV/0!,#DIV/0!,,#DIV/0!,#DIV/0!,,,#DIV/0!,,,
,,,,,,,,,0,#DIV/0!,#DIV/0!,,#DIV/0!,#DIV/0!,,,#DIV/0!,,,
,,,,,,,,,0,#DIV/0!,#DIV/0!,,#DIV/0!,#DIV/0!,,,#DIV/0!,,,
,,,,,,,,,0,#DIV/0!,#DIV/0!,,#DIV/0!,#DIV/0!,,,#DIV/0!,,,
TOTAL,121,"930,117",907.60,,"1,007,528",782.88,,"1,034,600","1,937,645",0.882,0.735,"$39,946",$0.0206,"16,014",,,,,,
,,,,,,,,,,,,,,,,,,,,
Disclaimer: This data is lightly summarized and may not exactly match past bills.  Please compare this information to past bills to ensure its accuracy.,,,,,,,,,,,,,,,,,,,,
,,,,,,,,,,,,,,,,,,,,
* Mandatory Hourly Pricing effective 01/13/07,,,,,,,,,,,,,,,,,,,,
,,,,,,,,,,,,,,,,,,,,
DTC,,,,,,,,,,,,,,,,,,,,
02/23/2025,,,,,,,,,,,,,,,,,,,,
#VALUE!,,,,,,,,,,,,,,,,,,,,